{"cameraMode":{"drawMode":0,"name":"Shaded","section":"Shading Mode"},"sceneLighting":true,"audioPlay":false,"sceneViewState":{"showFog":true,"showMaterialUpdate":true,"showSkybox":true,"showFlares":true,"showImageEffects":true,"showParticleSystems":true},"in2DMode":false,"pivot":{"x":-2.2974047660827638,"y":2.6367862224578859,"z":-11.519686698913575},"rotation":{"x":-0.003343557473272085,"y":0.8481259942054749,"z":-0.00535488361492753,"w":-0.5297569632530212},"size":8.6624174118042,"orthographic":false}